Title,Artist,danceability,energy,key,loudness,mode,speechiness,acousticness,instrumentalness,liveness,valence,tempo,type,id,uri,track_href,analysis_url,duration_ms,time_signature
Paint The Town Red,Doja Cat,0.864,0.556,2.0,-7.683,0.0,0.194,0.255,3.85e-06,0.112,0.726,99.974,audio_features,56y1jOTK0XSvJzVv9vHQBK,spotify:track:56y1jOTK0XSvJzVv9vHQBK,https://api.spotify.com/v1/tracks/56y1jOTK0XSvJzVv9vHQBK,https://api.spotify.com/v1/audio-analysis/56y1jOTK0XSvJzVv9vHQBK,230480.0,4.0
Snooze,SZA,0.559,0.551,5.0,-7.231,1.0,0.132,0.141,0.0,0.11,0.392,143.008,audio_features,4iZ4pt7kvcaH6Yo8UoZ4s2,spotify:track:4iZ4pt7kvcaH6Yo8UoZ4s2,https://api.spotify.com/v1/tracks/4iZ4pt7kvcaH6Yo8UoZ4s2,https://api.spotify.com/v1/audio-analysis/4iZ4pt7kvcaH6Yo8UoZ4s2,201800.0,4.0
Fast Car,Luke Combs,0.551,0.801,6.0,-5.069,1.0,0.0303,0.013,6.03e-06,0.265,0.625,128.027,audio_features,1mMLMZYXkMueg65jRRWG1l,spotify:track:1mMLMZYXkMueg65jRRWG1l,https://api.spotify.com/v1/tracks/1mMLMZYXkMueg65jRRWG1l,https://api.spotify.com/v1/audio-analysis/1mMLMZYXkMueg65jRRWG1l,240760.0,4.0
Cruel Summer,Taylor Swift,0.666,0.871,1.0,-6.017,0.0,0.0272,0.27,0.0208,0.263,0.936,108.501,audio_features,2EGaDf0cPX789H3LNeB03D,spotify:track:2EGaDf0cPX789H3LNeB03D,https://api.spotify.com/v1/tracks/2EGaDf0cPX789H3LNeB03D,https://api.spotify.com/v1/audio-analysis/2EGaDf0cPX789H3LNeB03D,215326.0,4.0
I Remember Everything,Zach Bryan Featuring Kacey Musgraves,0.429,0.453,0.0,-7.746,1.0,0.0459,0.554,2e-06,0.102,0.155,77.639,audio_features,4KULAymBBJcPRpk1yO4dOG,spotify:track:4KULAymBBJcPRpk1yO4dOG,https://api.spotify.com/v1/tracks/4KULAymBBJcPRpk1yO4dOG,https://api.spotify.com/v1/audio-analysis/4KULAymBBJcPRpk1yO4dOG,227196.0,4.0
Last Night,Morgan Wallen,0.517,0.675,6.0,-5.382,1.0,0.0357,0.459,0.0,0.151,0.518,203.853,audio_features,59uQI0PADDKeE6UZDTJEe8,spotify:track:59uQI0PADDKeE6UZDTJEe8,https://api.spotify.com/v1/tracks/59uQI0PADDKeE6UZDTJEe8,https://api.spotify.com/v1/audio-analysis/59uQI0PADDKeE6UZDTJEe8,163855.0,4.0
Vampire,Olivia Rodrigo,0.675,0.609,1.0,-7.905,1.0,0.094,0.284,0.268,0.112,0.057,119.973,audio_features,4sSKTQcX6pQIncWcNJdkiD,spotify:track:4sSKTQcX6pQIncWcNJdkiD,https://api.spotify.com/v1/tracks/4sSKTQcX6pQIncWcNJdkiD,https://api.spotify.com/v1/audio-analysis/4sSKTQcX6pQIncWcNJdkiD,300000.0,4.0
Fukumean,Gunna,0.847,0.622,1.0,-6.747,0.0,0.0903,0.119,0.0,0.285,0.22,130.001,audio_features,4rXLjWdF2ZZpXCVTfWcshS,spotify:track:4rXLjWdF2ZZpXCVTfWcshS,https://api.spotify.com/v1/tracks/4rXLjWdF2ZZpXCVTfWcshS,https://api.spotify.com/v1/audio-analysis/4rXLjWdF2ZZpXCVTfWcshS,125040.0,4.0
Calm Down,Rema & Selena Gomez,0.801,0.806,11.0,-5.206,1.0,0.0381,0.382,0.000669,0.114,0.802,106.999,audio_features,0WtM2NBVQNNJLh6scP13H8,spotify:track:0WtM2NBVQNNJLh6scP13H8,https://api.spotify.com/v1/tracks/0WtM2NBVQNNJLh6scP13H8,https://api.spotify.com/v1/audio-analysis/0WtM2NBVQNNJLh6scP13H8,239318.0,4.0
Dance The Night,Dua Lipa,0.671,0.845,11.0,-4.93,0.0,0.048,0.0207,0.0,0.329,0.775,110.056,audio_features,1vYXt7VSjH9JIM5oRRo7vA,spotify:track:1vYXt7VSjH9JIM5oRRo7vA,https://api.spotify.com/v1/tracks/1vYXt7VSjH9JIM5oRRo7vA,https://api.spotify.com/v1/audio-analysis/1vYXt7VSjH9JIM5oRRo7vA,176579.0,4.0
Barbie World,Nicki Minaj & Ice Spice With Aqua,0.77,0.58,0.0,-8.393,1.0,0.247,0.519,0.000127,0.233,0.753,144.072,audio_features,741UUVE2kuITl0c6zuqqbO,spotify:track:741UUVE2kuITl0c6zuqqbO,https://api.spotify.com/v1/tracks/741UUVE2kuITl0c6zuqqbO,https://api.spotify.com/v1/audio-analysis/741UUVE2kuITl0c6zuqqbO,109750.0,4.0
Slime You Out,Drake Featuring SZA,0.483,0.408,5.0,-9.243,0.0,0.0502,0.508,0.0,0.259,0.105,88.88,audio_features,0AYt6NMyyLd0rLuvr0UkMH,spotify:track:0AYt6NMyyLd0rLuvr0UkMH,https://api.spotify.com/v1/tracks/0AYt6NMyyLd0rLuvr0UkMH,https://api.spotify.com/v1/audio-analysis/0AYt6NMyyLd0rLuvr0UkMH,310491.0,3.0
Religiously,Bailey Zimmerman,0.57,0.67,1.0,-6.519,1.0,0.0274,0.426,0.0,0.108,0.593,140.924,audio_features,0bILU0UiNDmA5Ff6whhb2R,spotify:track:0bILU0UiNDmA5Ff6whhb2R,https://api.spotify.com/v1/tracks/0bILU0UiNDmA5Ff6whhb2R,https://api.spotify.com/v1/audio-analysis/0bILU0UiNDmA5Ff6whhb2R,178723.0,4.0
Sarah's Place,Zach Bryan Featuring Noah Kahan,0.576,0.683,7.0,-5.103,1.0,0.118,0.41,0.0,0.0819,0.433,151.566,audio_features,1vhbThkFnqAHbZp0fEjXE4,spotify:track:1vhbThkFnqAHbZp0fEjXE4,https://api.spotify.com/v1/tracks/1vhbThkFnqAHbZp0fEjXE4,https://api.spotify.com/v1/audio-analysis/1vhbThkFnqAHbZp0fEjXE4,214056.0,4.0
Flowers,Miley Cyrus,0.672,0.159,9.0,-8.76,0.0,0.0343,0.962,1.83e-05,0.106,0.117,113.218,audio_features,1ZJwhLQLt2quexYKP2Q3gk,spotify:track:1ZJwhLQLt2quexYKP2Q3gk,https://api.spotify.com/v1/tracks/1ZJwhLQLt2quexYKP2Q3gk,https://api.spotify.com/v1/audio-analysis/1ZJwhLQLt2quexYKP2Q3gk,210827.0,4.0
Bad Idea Right?,Olivia Rodrigo,0.627,0.879,9.0,-3.446,1.0,0.0955,0.00193,6.87e-06,0.0647,0.748,129.979,audio_features,3IX0yuEVvDbnqUwMBB3ouC,spotify:track:3IX0yuEVvDbnqUwMBB3ouC,https://api.spotify.com/v1/tracks/3IX0yuEVvDbnqUwMBB3ouC,https://api.spotify.com/v1/audio-analysis/3IX0yuEVvDbnqUwMBB3ouC,184784.0,4.0
Thinkin' Bout Me,Morgan Wallen,0.624,0.766,8.0,-3.805,1.0,0.0359,0.199,8.62e-06,0.156,0.37,172.08,audio_features,7fveJ3pk1eSfxBdVkzdXZ0,spotify:track:7fveJ3pk1eSfxBdVkzdXZ0,https://api.spotify.com/v1/tracks/7fveJ3pk1eSfxBdVkzdXZ0,https://api.spotify.com/v1/audio-analysis/7fveJ3pk1eSfxBdVkzdXZ0,181621.0,4.0
Agora Hills,Doja Cat,0.755,0.68,8.0,-6.15,0.0,0.0862,0.206,4.58e-05,0.122,0.373,123.031,audio_features,2G7SW5LADSzkwk3PTz7EMO,spotify:track:2G7SW5LADSzkwk3PTz7EMO,https://api.spotify.com/v1/tracks/2G7SW5LADSzkwk3PTz7EMO,https://api.spotify.com/v1/audio-analysis/2G7SW5LADSzkwk3PTz7EMO,265360.0,4.0
All My Life,Lil Durk Featuring J. Cole,0.829,0.436,3.0,-8.205,1.0,0.327,0.15,0.0,0.0954,0.693,143.031,audio_features,6HgWWaMu31KdOpEG5l28BG,spotify:track:6HgWWaMu31KdOpEG5l28BG,https://api.spotify.com/v1/tracks/6HgWWaMu31KdOpEG5l28BG,https://api.spotify.com/v1/audio-analysis/6HgWWaMu31KdOpEG5l28BG,223204.0,4.0
Need A Favor,Jelly Roll,0.504,0.771,6.0,-4.231,1.0,0.0319,0.0123,1.89e-05,0.078,0.555,157.985,audio_features,5twSy6ffBrF03mnNUsUgJZ,spotify:track:5twSy6ffBrF03mnNUsUgJZ,https://api.spotify.com/v1/tracks/5twSy6ffBrF03mnNUsUgJZ,https://api.spotify.com/v1/audio-analysis/5twSy6ffBrF03mnNUsUgJZ,197400.0,4.0
Anti-Hero,Taylor Swift,0.637,0.643,4.0,-6.571,1.0,0.0519,0.13,1.8e-06,0.142,0.533,97.008,audio_features,0V3wPSX9ygBnCm8psDIegu,spotify:track:0V3wPSX9ygBnCm8psDIegu,https://api.spotify.com/v1/tracks/0V3wPSX9ygBnCm8psDIegu,https://api.spotify.com/v1/audio-analysis/0V3wPSX9ygBnCm8psDIegu,200690.0,4.0
Used To Be Young,Miley Cyrus,0.451,0.632,4.0,-3.843,1.0,0.0475,0.6,0.0,0.139,0.455,147.06,audio_features,41WQUSINanQHfhfKpFDsms,spotify:track:41WQUSINanQHfhfKpFDsms,https://api.spotify.com/v1/tracks/41WQUSINanQHfhfKpFDsms,https://api.spotify.com/v1/audio-analysis/41WQUSINanQHfhfKpFDsms,190461.0,4.0
Rich Men North Of Richmond,Oliver Anthony Music,0.678,0.264,10.0,-12.384,1.0,0.0622,0.753,0.0,0.302,0.528,121.722,audio_features,78Du4CMFgnhdlG33gblkiP,spotify:track:78Du4CMFgnhdlG33gblkiP,https://api.spotify.com/v1/tracks/78Du4CMFgnhdlG33gblkiP,https://api.spotify.com/v1/audio-analysis/78Du4CMFgnhdlG33gblkiP,187244.0,4.0
Greedy,Tate McRae,0.753,0.726,6.0,-3.209,0.0,0.0326,0.243,0.0,0.114,0.827,111.026,audio_features,2dHH3pG8xx0YOZDKyDD9eG,spotify:track:2dHH3pG8xx0YOZDKyDD9eG,https://api.spotify.com/v1/tracks/2dHH3pG8xx0YOZDKyDD9eG,https://api.spotify.com/v1/audio-analysis/2dHH3pG8xx0YOZDKyDD9eG,131872.0,1.0
Kill Bill,SZA,0.644,0.735,8.0,-5.747,1.0,0.0391,0.0521,0.144,0.161,0.418,88.98,audio_features,1Qrg8KqiBpW07V7PNxwwwL,spotify:track:1Qrg8KqiBpW07V7PNxwwwL,https://api.spotify.com/v1/tracks/1Qrg8KqiBpW07V7PNxwwwL,https://api.spotify.com/v1/audio-analysis/1Qrg8KqiBpW07V7PNxwwwL,153947.0,4.0
Boys Of Faith,Zach Bryan Featuring Bon Iver,0.302,0.584,1.0,-6.242,1.0,0.063,0.385,5.22e-05,0.089,0.159,199.804,audio_features,6pRRHgDjfIGhTUCGlHX2p8,spotify:track:6pRRHgDjfIGhTUCGlHX2p8,https://api.spotify.com/v1/tracks/6pRRHgDjfIGhTUCGlHX2p8,https://api.spotify.com/v1/audio-analysis/6pRRHgDjfIGhTUCGlHX2p8,170825.0,4.0
Dial Drunk,Noah Kahan With Post Malone,0.667,0.613,8.0,-7.147,1.0,0.0313,0.121,0.0,0.113,0.681,112.046,audio_features,22VHOlVYBqytsrAqV8yXBK,spotify:track:22VHOlVYBqytsrAqV8yXBK,https://api.spotify.com/v1/tracks/22VHOlVYBqytsrAqV8yXBK,https://api.spotify.com/v1/audio-analysis/22VHOlVYBqytsrAqV8yXBK,213817.0,4.0
What Was I Made For?,Billie Eilish,0.444,0.0911,0.0,-17.665,1.0,0.0307,0.959,1.05e-06,0.098,0.142,78.403,audio_features,6wf7Yu7cxBSPrRlWeSeK0Q,spotify:track:6wf7Yu7cxBSPrRlWeSeK0Q,https://api.spotify.com/v1/tracks/6wf7Yu7cxBSPrRlWeSeK0Q,https://api.spotify.com/v1/audio-analysis/6wf7Yu7cxBSPrRlWeSeK0Q,222370.0,4.0
Watermelon Moonshine,Lainey Wilson,0.739,0.413,1.0,-6.709,1.0,0.0282,0.47,2.51e-05,0.131,0.649,139.921,audio_features,6KaKmX6EIu3x2057HoZwQF,spotify:track:6KaKmX6EIu3x2057HoZwQF,https://api.spotify.com/v1/tracks/6KaKmX6EIu3x2057HoZwQF,https://api.spotify.com/v1/audio-analysis/6KaKmX6EIu3x2057HoZwQF,208853.0,4.0
Creepin',"Metro Boomin, The Weeknd & 21 Savage",0.715,0.62,1.0,-6.005,0.0,0.0484,0.417,0.0,0.0822,0.172,97.95,audio_features,2dHHgzDwk4BJdRwy9uXhTO,spotify:track:2dHHgzDwk4BJdRwy9uXhTO,https://api.spotify.com/v1/tracks/2dHHgzDwk4BJdRwy9uXhTO,https://api.spotify.com/v1/audio-analysis/2dHHgzDwk4BJdRwy9uXhTO,221520.0,4.0
Karma,Taylor Swift Featuring Ice Spice,0.789,0.763,1.0,-6.169,1.0,0.199,0.123,2.22e-05,0.132,0.272,140.107,audio_features,5JYPXqMwYc0zTODQdjMEZN,spotify:track:5JYPXqMwYc0zTODQdjMEZN,https://api.spotify.com/v1/tracks/5JYPXqMwYc0zTODQdjMEZN,https://api.spotify.com/v1/audio-analysis/5JYPXqMwYc0zTODQdjMEZN,126857.0,4.0
What It Is (Block Boy),Doechii Featuring Kodak Black,0.731,0.744,1.0,-5.77,0.0,0.174,0.109,0.0,0.123,0.727,171.859,audio_features,1O8zCu3dLLPxkbGfIsbRgE,spotify:track:1O8zCu3dLLPxkbGfIsbRgE,https://api.spotify.com/v1/tracks/1O8zCu3dLLPxkbGfIsbRgE,https://api.spotify.com/v1/audio-analysis/1O8zCu3dLLPxkbGfIsbRgE,223344.0,4.0
Great Gatsby,Rod Wave,0.67,0.555,1.0,-9.12,0.0,0.0908,0.0382,6.36e-06,0.414,0.16,156.937,audio_features,4M68xjcc42oxyphhzpOWXS,spotify:track:4M68xjcc42oxyphhzpOWXS,https://api.spotify.com/v1/tracks/4M68xjcc42oxyphhzpOWXS,https://api.spotify.com/v1/audio-analysis/4M68xjcc42oxyphhzpOWXS,146808.0,4.0
Get Him Back!,Olivia Rodrigo,0.527,0.252,7.0,-8.024,1.0,0.0362,0.839,0.0,0.1,0.157,82.069,audio_features,3dKYak9dKL8YeHx5jMokoP,spotify:track:3dKYak9dKL8YeHx5jMokoP,https://api.spotify.com/v1/tracks/3dKYak9dKL8YeHx5jMokoP,https://api.spotify.com/v1/audio-analysis/3dKYak9dKL8YeHx5jMokoP,231907.0,4.0
I Know ?,Travis Scott,0.927,0.619,5.0,-4.441,0.0,0.0539,0.0186,0.0,0.104,0.817,117.995,audio_features,6wsqVwoiVH2kde4k4KKAFU,spotify:track:6wsqVwoiVH2kde4k4KKAFU,https://api.spotify.com/v1/tracks/6wsqVwoiVH2kde4k4KKAFU,https://api.spotify.com/v1/audio-analysis/6wsqVwoiVH2kde4k4KKAFU,211582.0,4.0
Good Good,"Usher, Summer Walker & 21 Savage",0.753,0.669,7.0,-4.914,0.0,0.104,0.0378,0.0,0.122,0.584,140.948,audio_features,0J1YRLYhTG1MBosjidD7OI,spotify:track:0J1YRLYhTG1MBosjidD7OI,https://api.spotify.com/v1/tracks/0J1YRLYhTG1MBosjidD7OI,https://api.spotify.com/v1/audio-analysis/0J1YRLYhTG1MBosjidD7OI,247469.0,4.0
Daylight,David Kushner,0.508,0.43,2.0,-9.475,0.0,0.0335,0.83,0.000441,0.093,0.324,130.09,audio_features,1odExI7RdWc4BT515LTAwj,spotify:track:1odExI7RdWc4BT515LTAwj,https://api.spotify.com/v1/tracks/1odExI7RdWc4BT515LTAwj,https://api.spotify.com/v1/audio-analysis/1odExI7RdWc4BT515LTAwj,212954.0,4.0
Peaches & Eggplants,Young Nudy Featuring 21 Savage,0.911,0.536,4.0,-7.884,0.0,0.282,0.00897,3.73e-06,0.111,0.584,146.014,audio_features,2KcQ0PbPj0O3P48B9YX7iN,spotify:track:2KcQ0PbPj0O3P48B9YX7iN,https://api.spotify.com/v1/tracks/2KcQ0PbPj0O3P48B9YX7iN,https://api.spotify.com/v1/audio-analysis/2KcQ0PbPj0O3P48B9YX7iN,203813.0,4.0
Try That In A Small Town,Jason Aldean,0.459,0.861,0.0,-3.762,0.0,0.0529,0.0474,5.38e-06,0.107,0.333,145.842,audio_features,4ROknQyR1wOGPfmpTtB3z4,spotify:track:4ROknQyR1wOGPfmpTtB3z4,https://api.spotify.com/v1/tracks/4ROknQyR1wOGPfmpTtB3z4,https://api.spotify.com/v1/audio-analysis/4ROknQyR1wOGPfmpTtB3z4,180034.0,4.0
Lady Gaga,"Peso Pluma, Gabito Ballesteros & Junior H",0.646,0.736,5.0,-7.118,0.0,0.0449,0.216,0.0,0.415,0.873,140.098,audio_features,7mXuWTczZNxG5EDcjFEuJR,spotify:track:7mXuWTczZNxG5EDcjFEuJR,https://api.spotify.com/v1/tracks/7mXuWTczZNxG5EDcjFEuJR,https://api.spotify.com/v1/audio-analysis/7mXuWTczZNxG5EDcjFEuJR,212878.0,3.0
Qlona,Karol G & Peso Pluma,0.841,0.738,7.0,-7.455,0.0,0.307,0.52,0.0,0.0892,0.484,169.918,audio_features,5RqSsdzTNPX1uzkmlHCFvK,spotify:track:5RqSsdzTNPX1uzkmlHCFvK,https://api.spotify.com/v1/tracks/5RqSsdzTNPX1uzkmlHCFvK,https://api.spotify.com/v1/audio-analysis/5RqSsdzTNPX1uzkmlHCFvK,172798.0,4.0
Meltdown,Travis Scott Featuring Drake,0.453,0.987,11.0,-3.012,0.0,0.251,0.000164,0.0,0.0776,0.206,154.08,audio_features,6w3hTgFYPaUo6WFz2tEOtX,spotify:track:6w3hTgFYPaUo6WFz2tEOtX,https://api.spotify.com/v1/tracks/6w3hTgFYPaUo6WFz2tEOtX,https://api.spotify.com/v1/audio-analysis/6w3hTgFYPaUo6WFz2tEOtX,268919.0,4.0
Love You Anyway,Luke Combs,0.532,0.489,4.0,-7.419,1.0,0.0311,0.149,0.0,0.237,0.32,139.807,audio_features,2kYevr8cbIAH2ha8210Bnz,spotify:track:2kYevr8cbIAH2ha8210Bnz,https://api.spotify.com/v1/tracks/2kYevr8cbIAH2ha8210Bnz,https://api.spotify.com/v1/audio-analysis/2kYevr8cbIAH2ha8210Bnz,229627.0,4.0
Bongos,Cardi B & Megan Thee Stallion,0.475,0.574,7.0,-7.512,1.0,0.218,0.000791,0.81,0.067,0.194,158.689,audio_features,5qivHfDEvKu8td9TFC2cqt,spotify:track:5qivHfDEvKu8td9TFC2cqt,https://api.spotify.com/v1/tracks/5qivHfDEvKu8td9TFC2cqt,https://api.spotify.com/v1/audio-analysis/5qivHfDEvKu8td9TFC2cqt,175099.0,5.0
Deep Satin,Zach Bryan,0.68,0.246,4.0,-14.112,1.0,0.058,0.783,0.0,0.106,0.388,110.23,audio_features,2Dct3GykKZ58hpWRFfe2Qd,spotify:track:2Dct3GykKZ58hpWRFfe2Qd,https://api.spotify.com/v1/tracks/2Dct3GykKZ58hpWRFfe2Qd,https://api.spotify.com/v1/audio-analysis/2Dct3GykKZ58hpWRFfe2Qd,171693.0,4.0
Boyz Don't Cry,Rod Wave,0.741,0.509,10.0,-12.639,1.0,0.0532,0.0761,2.9e-06,0.114,0.345,152.078,audio_features,2z2gqgwu1GCurpZJYzcytE,spotify:track:2z2gqgwu1GCurpZJYzcytE,https://api.spotify.com/v1/tracks/2z2gqgwu1GCurpZJYzcytE,https://api.spotify.com/v1/audio-analysis/2z2gqgwu1GCurpZJYzcytE,202224.0,4.0
Save Me,Jelly Roll With Lainey Wilson,0.564,0.612,0.0,-5.018,1.0,0.0248,0.382,0.0,0.11,0.146,83.03,audio_features,4Bee3PcNdfeqO1B80dDgFn,spotify:track:4Bee3PcNdfeqO1B80dDgFn,https://api.spotify.com/v1/tracks/4Bee3PcNdfeqO1B80dDgFn,https://api.spotify.com/v1/audio-analysis/4Bee3PcNdfeqO1B80dDgFn,237493.0,3.0
Come See Me,Rod Wave,0.647,0.642,2.0,-7.687,1.0,0.0785,0.177,0.0,0.0948,0.219,87.523,audio_features,59ksHIFa69pi0az2bKdu6s,spotify:track:59ksHIFa69pi0az2bKdu6s,https://api.spotify.com/v1/tracks/59ksHIFa69pi0az2bKdu6s,https://api.spotify.com/v1/audio-analysis/59ksHIFa69pi0az2bKdu6s,120895.0,4.0
Single Soon,Selena Gomez,0.61,0.571,2.0,-5.649,1.0,0.0782,0.00863,0.0,0.131,0.747,105.01,audio_features,6iF4RgIjDvDqyW13PezSj3,spotify:track:6iF4RgIjDvDqyW13PezSj3,https://api.spotify.com/v1/tracks/6iF4RgIjDvDqyW13PezSj3,https://api.spotify.com/v1/audio-analysis/6iF4RgIjDvDqyW13PezSj3,171655.0,4.0
Call Your Friends,Rod Wave,0.57,0.557,2.0,-12.055,1.0,0.105,0.143,0.0,0.0926,0.301,83.224,audio_features,5W0RVQViQC7xocvAUnIs6Z,spotify:track:5W0RVQViQC7xocvAUnIs6Z,https://api.spotify.com/v1/tracks/5W0RVQViQC7xocvAUnIs6Z,https://api.spotify.com/v1/audio-analysis/5W0RVQViQC7xocvAUnIs6Z,153129.0,4.0
Turks & Caicos,Rod Wave Featuring 21 Savage,0.544,0.496,0.0,-12.032,1.0,0.21,0.13,0.0,0.166,0.314,103.148,audio_features,3kfhS2L56Wj8fBcu7xE47H,spotify:track:3kfhS2L56Wj8fBcu7xE47H,https://api.spotify.com/v1/tracks/3kfhS2L56Wj8fBcu7xE47H,https://api.spotify.com/v1/audio-analysis/3kfhS2L56Wj8fBcu7xE47H,203442.0,5.0
Hey Driver,Zach Bryan Featuring The War And Treaty,0.583,0.351,0.0,-5.836,1.0,0.0306,0.494,0.0,0.368,0.462,79.014,audio_features,4pCbJC43j3gSqG6Fen6upD,spotify:track:4pCbJC43j3gSqG6Fen6upD,https://api.spotify.com/v1/tracks/4pCbJC43j3gSqG6Fen6upD,https://api.spotify.com/v1/audio-analysis/4pCbJC43j3gSqG6Fen6upD,227467.0,4.0
Seven,Jung Kook Featuring Latto,0.802,0.832,11.0,-4.107,1.0,0.0434,0.311,0.0,0.0815,0.89,124.997,audio_features,7x9aauaA9cu6tyfpHnqDLo,spotify:track:7x9aauaA9cu6tyfpHnqDLo,https://api.spotify.com/v1/tracks/7x9aauaA9cu6tyfpHnqDLo,https://api.spotify.com/v1/audio-analysis/7x9aauaA9cu6tyfpHnqDLo,185427.0,4.0
Nine Ball,Zach Bryan,0.597,0.658,7.0,-4.38,1.0,0.044,0.11,0.0,0.131,0.38,134.545,audio_features,3xOi0YhDREKRURFHoNaAOQ,spotify:track:3xOi0YhDREKRURFHoNaAOQ,https://api.spotify.com/v1/tracks/3xOi0YhDREKRURFHoNaAOQ,https://api.spotify.com/v1/audio-analysis/3xOi0YhDREKRURFHoNaAOQ,169941.0,4.0
El Jefe,Shakira X Fuerza Regida,0.739,0.836,8.0,-5.879,1.0,0.0526,0.226,9.09e-06,0.0773,0.966,159.025,audio_features,6UuXzEW2GBwcJefoXTYztu,spotify:track:6UuXzEW2GBwcJefoXTYztu,https://api.spotify.com/v1/tracks/6UuXzEW2GBwcJefoXTYztu,https://api.spotify.com/v1/audio-analysis/6UuXzEW2GBwcJefoXTYztu,218733.0,3.0
All-American Bitch,Olivia Rodrigo,0.465,0.954,10.0,-4.251,1.0,0.044,0.000346,5.38e-06,0.573,0.458,143.85,audio_features,5lDriBxJd22IhOH9zTcFrV,spotify:track:5lDriBxJd22IhOH9zTcFrV,https://api.spotify.com/v1/tracks/5lDriBxJd22IhOH9zTcFrV,https://api.spotify.com/v1/audio-analysis/5lDriBxJd22IhOH9zTcFrV,193653.0,4.0
White Horse,Chris Stapleton,0.353,0.77,1.0,-11.066,0.0,0.0493,0.0016,0.598,0.109,0.224,145.225,audio_features,7MSWxMumjz6lHj7oRApNbg,spotify:track:7MSWxMumjz6lHj7oRApNbg,https://api.spotify.com/v1/tracks/7MSWxMumjz6lHj7oRApNbg,https://api.spotify.com/v1/audio-analysis/7MSWxMumjz6lHj7oRApNbg,267893.0,4.0
Mi Ex Tenia Razon,Karol G,0.634,0.725,5.0,-4.945,0.0,0.0587,0.0776,0.0,0.211,0.795,159.845,audio_features,54zcJnb3tp9c5OVKREZ1Is,spotify:track:54zcJnb3tp9c5OVKREZ1Is,https://api.spotify.com/v1/tracks/54zcJnb3tp9c5OVKREZ1Is,https://api.spotify.com/v1/audio-analysis/54zcJnb3tp9c5OVKREZ1Is,154375.0,4.0
LaLa,Myke Towers,0.708,0.737,1.0,-4.045,1.0,0.0436,0.0739,0.00162,0.0955,0.607,91.986,audio_features,7ABLbnD53cQK00mhcaOUVG,spotify:track:7ABLbnD53cQK00mhcaOUVG,https://api.spotify.com/v1/tracks/7ABLbnD53cQK00mhcaOUVG,https://api.spotify.com/v1/audio-analysis/7ABLbnD53cQK00mhcaOUVG,197920.0,4.0
500lbs,Lil Tecca,0.731,0.667,7.0,-7.928,0.0,0.0815,0.134,0.0,0.114,0.485,123.042,audio_features,1xWkeSPhf3bZqHY7Ncz8vp,spotify:track:1xWkeSPhf3bZqHY7Ncz8vp,https://api.spotify.com/v1/tracks/1xWkeSPhf3bZqHY7Ncz8vp,https://api.spotify.com/v1/audio-analysis/1xWkeSPhf3bZqHY7Ncz8vp,144390.0,4.0
Tourniquet,Zach Bryan,0.593,0.397,6.0,-8.309,1.0,0.0329,0.684,7.44e-06,0.0982,0.32,76.703,audio_features,3EvZ03hGAFwGZ2Ebcu86YH,spotify:track:3EvZ03hGAFwGZ2Ebcu86YH,https://api.spotify.com/v1/tracks/3EvZ03hGAFwGZ2Ebcu86YH,https://api.spotify.com/v1/audio-analysis/3EvZ03hGAFwGZ2Ebcu86YH,189053.0,4.0
One More Time,Blink-182,0.628,0.497,2.0,-5.794,1.0,0.0271,0.114,0.0,0.112,0.157,114.704,audio_features,5VEnzMXc8ocZko4M4TqnR2,spotify:track:5VEnzMXc8ocZko4M4TqnR2,https://api.spotify.com/v1/tracks/5VEnzMXc8ocZko4M4TqnR2,https://api.spotify.com/v1/audio-analysis/5VEnzMXc8ocZko4M4TqnR2,208115.0,5.0
Strangers,Kenya Grace,0.628,0.523,11.0,-8.307,0.0,0.0946,0.701,0.00274,0.219,0.416,169.982,audio_features,5mjYQaktjmjcMKcUIcqz4s,spotify:track:5mjYQaktjmjcMKcUIcqz4s,https://api.spotify.com/v1/tracks/5mjYQaktjmjcMKcUIcqz4s,https://api.spotify.com/v1/audio-analysis/5mjYQaktjmjcMKcUIcqz4s,172965.0,4.0
The Grudge,Olivia Rodrigo,0.511,0.532,5.0,-5.745,1.0,0.0578,0.177,0.0,0.291,0.35,138.005,audio_features,1kuGVB7EU95pJObxwvfwKS,spotify:track:1kuGVB7EU95pJObxwvfwKS,https://api.spotify.com/v1/tracks/1kuGVB7EU95pJObxwvfwKS,https://api.spotify.com/v1/audio-analysis/1kuGVB7EU95pJObxwvfwKS,219724.0,4.0
Un Preview,Bad Bunny,0.786,0.814,1.0,-3.318,1.0,0.0873,0.0383,3.67e-05,0.22,0.365,95.084,audio_features,63ui2w3QJBp8xx0c1MJB2Z,spotify:track:63ui2w3QJBp8xx0c1MJB2Z,https://api.spotify.com/v1/tracks/63ui2w3QJBp8xx0c1MJB2Z,https://api.spotify.com/v1/audio-analysis/63ui2w3QJBp8xx0c1MJB2Z,165582.0,4.0
"Pain, Sweet, Pain",Zach Bryan,0.382,0.791,9.0,-5.416,0.0,0.0878,0.108,0.0,0.244,0.315,135.9,audio_features,4KaCwku7yZUrDRcOc9rMmQ,spotify:track:4KaCwku7yZUrDRcOc9rMmQ,https://api.spotify.com/v1/tracks/4KaCwku7yZUrDRcOc9rMmQ,https://api.spotify.com/v1/audio-analysis/4KaCwku7yZUrDRcOc9rMmQ,195740.0,4.0
Lose Control,Teddy Swims,0.561,0.604,9.0,-4.409,1.0,0.0337,0.199,1.9e-05,0.104,0.242,159.92,audio_features,6usohdchdzW9oML7VC4Uhk,spotify:track:6usohdchdzW9oML7VC4Uhk,https://api.spotify.com/v1/tracks/6usohdchdzW9oML7VC4Uhk,https://api.spotify.com/v1/audio-analysis/6usohdchdzW9oML7VC4Uhk,210689.0,3.0
SkeeYee,Sexyy Red,0.739,0.536,1.0,-10.843,1.0,0.308,0.231,0.0,0.35,0.64,82.549,audio_features,7icwQvajsokotDfM3tefW6,spotify:track:7icwQvajsokotDfM3tefW6,https://api.spotify.com/v1/tracks/7icwQvajsokotDfM3tefW6,https://api.spotify.com/v1/audio-analysis/7icwQvajsokotDfM3tefW6,154120.0,4.0
Everything I Love,Morgan Wallen,0.568,0.841,8.0,-3.802,1.0,0.0261,0.00514,0.000503,0.147,0.668,103.983,audio_features,03fs6oV5JAlbytRYf3371S,spotify:track:03fs6oV5JAlbytRYf3371S,https://api.spotify.com/v1/tracks/03fs6oV5JAlbytRYf3371S,https://api.spotify.com/v1/audio-analysis/03fs6oV5JAlbytRYf3371S,187047.0,4.0
Popular,"The Weeknd, Playboi Carti & Madonna",0.647,0.642,2.0,-7.687,1.0,0.0785,0.177,0.0,0.0948,0.219,87.523,audio_features,59ksHIFa69pi0az2bKdu6s,spotify:track:59ksHIFa69pi0az2bKdu6s,https://api.spotify.com/v1/tracks/59ksHIFa69pi0az2bKdu6s,https://api.spotify.com/v1/audio-analysis/59ksHIFa69pi0az2bKdu6s,120895.0,4.0
HG4,Rod Wave,0.616,0.834,9.0,-3.069,1.0,0.0664,0.06,0.0,0.338,0.746,151.701,audio_features,0O3U5iwTbiXCREMkvotJuN,spotify:track:0O3U5iwTbiXCREMkvotJuN,https://api.spotify.com/v1/tracks/0O3U5iwTbiXCREMkvotJuN,https://api.spotify.com/v1/audio-analysis/0O3U5iwTbiXCREMkvotJuN,165848.0,4.0
El Amor de Su Vida,Grupo Frontera & Grupo Firme,0.662,0.77,0.0,-4.887,1.0,0.0367,0.0875,0.0,0.35,0.769,132.057,audio_features,103u49mLoJUge83B1CnLxI,spotify:track:103u49mLoJUge83B1CnLxI,https://api.spotify.com/v1/tracks/103u49mLoJUge83B1CnLxI,https://api.spotify.com/v1/audio-analysis/103u49mLoJUge83B1CnLxI,167535.0,4.0
Truck Bed,HARDY,0.85,0.699,0.0,-3.292,1.0,0.0776,0.152,0.0,0.32,0.915,114.481,audio_features,0cVyQfDyRnMJ0V3rjjdlU3,spotify:track:0cVyQfDyRnMJ0V3rjjdlU3,https://api.spotify.com/v1/tracks/0cVyQfDyRnMJ0V3rjjdlU3,https://api.spotify.com/v1/audio-analysis/0cVyQfDyRnMJ0V3rjjdlU3,114234.0,4.0
Lil Boo Thang,Paul Russell,0.647,0.642,2.0,-7.687,1.0,0.0785,0.177,0.0,0.0948,0.219,87.523,audio_features,59ksHIFa69pi0az2bKdu6s,spotify:track:59ksHIFa69pi0az2bKdu6s,https://api.spotify.com/v1/tracks/59ksHIFa69pi0az2bKdu6s,https://api.spotify.com/v1/audio-analysis/59ksHIFa69pi0az2bKdu6s,120895.0,4.0
Long Journey,Rod Wave,0.761,0.673,8.0,-7.306,1.0,0.0493,0.0587,9.67e-06,0.118,0.927,129.993,audio_features,50kSzIXc8avwPULMD4EACM,spotify:track:50kSzIXc8avwPULMD4EACM,https://api.spotify.com/v1/tracks/50kSzIXc8avwPULMD4EACM,https://api.spotify.com/v1/audio-analysis/50kSzIXc8avwPULMD4EACM,210913.0,4.0
My Love Mine All Mine,Mitski,0.522,0.826,9.0,-7.551,1.0,0.0368,4.23e-05,0.139,0.103,0.948,153.807,audio_features,760MOmwvtOZkhQFsP2Vcme,spotify:track:760MOmwvtOZkhQFsP2Vcme,https://api.spotify.com/v1/tracks/760MOmwvtOZkhQFsP2Vcme,https://api.spotify.com/v1/audio-analysis/760MOmwvtOZkhQFsP2Vcme,163440.0,4.0
Telekinesis,Travis Scott Featuring SZA & Future,0.557,0.866,6.0,-4.454,1.0,0.0503,0.394,0.0,0.11,0.631,167.767,audio_features,7bPp2NmpmyhLJ7zWazAXMu,spotify:track:7bPp2NmpmyhLJ7zWazAXMu,https://api.spotify.com/v1/tracks/7bPp2NmpmyhLJ7zWazAXMu,https://api.spotify.com/v1/audio-analysis/7bPp2NmpmyhLJ7zWazAXMu,209415.0,4.0
Tulum,Peso Pluma & Grupo Frontera,0.785,0.863,7.0,-4.599,0.0,0.0893,0.0883,0.0,0.0929,0.962,130.132,audio_features,1UMm1Qs3u59Wvk53zBUE8r,spotify:track:1UMm1Qs3u59Wvk53zBUE8r,https://api.spotify.com/v1/tracks/1UMm1Qs3u59Wvk53zBUE8r,https://api.spotify.com/v1/audio-analysis/1UMm1Qs3u59Wvk53zBUE8r,156501.0,3.0
Sabor Fresa,Fuerza Regida,0.604,0.444,0.0,-7.695,1.0,0.0698,0.409,0.0,0.0837,0.169,72.129,audio_features,0HEytGQM3bG1vKxER7IgVK,spotify:track:0HEytGQM3bG1vKxER7IgVK,https://api.spotify.com/v1/tracks/0HEytGQM3bG1vKxER7IgVK,https://api.spotify.com/v1/audio-analysis/0HEytGQM3bG1vKxER7IgVK,169467.0,4.0
Spotless,Zach Bryan Featuring The Lumineers,0.459,0.682,8.0,-4.235,1.0,0.0464,0.167,0.0,0.11,0.887,201.831,audio_features,2DPqR0kuZVjrOF5oxIRYPy,spotify:track:2DPqR0kuZVjrOF5oxIRYPy,https://api.spotify.com/v1/tracks/2DPqR0kuZVjrOF5oxIRYPy,https://api.spotify.com/v1/audio-analysis/2DPqR0kuZVjrOF5oxIRYPy,155120.0,4.0
Girl In Mine,Parmalee,0.789,0.763,1.0,-6.169,1.0,0.199,0.123,2.22e-05,0.132,0.272,140.107,audio_features,5JYPXqMwYc0zTODQdjMEZN,spotify:track:5JYPXqMwYc0zTODQdjMEZN,https://api.spotify.com/v1/tracks/5JYPXqMwYc0zTODQdjMEZN,https://api.spotify.com/v1/audio-analysis/5JYPXqMwYc0zTODQdjMEZN,126857.0,4.0
Deli,Ice Spice,0.454,0.489,8.0,-8.343,1.0,0.081,0.41,0.0,0.133,0.676,166.446,audio_features,7AWgHNS16hOhmiyPIRRcmC,spotify:track:7AWgHNS16hOhmiyPIRRcmC,https://api.spotify.com/v1/tracks/7AWgHNS16hOhmiyPIRRcmC,https://api.spotify.com/v1/audio-analysis/7AWgHNS16hOhmiyPIRRcmC,163224.0,4.0
Segun Quien,Maluma & Carin Leon,0.455,0.379,3.0,-7.628,1.0,0.0341,0.803,0.0,0.109,0.413,76.967,audio_features,6QT6j7rKt7Vk3IuV2AUO9W,spotify:track:6QT6j7rKt7Vk3IuV2AUO9W,https://api.spotify.com/v1/tracks/6QT6j7rKt7Vk3IuV2AUO9W,https://api.spotify.com/v1/audio-analysis/6QT6j7rKt7Vk3IuV2AUO9W,177212.0,4.0
Lacy,Olivia Rodrigo,0.808,0.789,7.0,-5.88,0.0,0.236,0.0517,0.0,0.0819,0.465,136.01,audio_features,7qLr3HMApUbyDkUvgIvHnB,spotify:track:7qLr3HMApUbyDkUvgIvHnB,https://api.spotify.com/v1/tracks/7qLr3HMApUbyDkUvgIvHnB,https://api.spotify.com/v1/audio-analysis/7qLr3HMApUbyDkUvgIvHnB,185333.0,4.0
Oh U Went,Young Thug Featuring Drake,0.498,0.695,7.0,-6.891,1.0,0.157,0.868,4.03e-06,0.127,0.707,81.186,audio_features,7ry34dFOuoK2c5GoYWWsl3,spotify:track:7ry34dFOuoK2c5GoYWWsl3,https://api.spotify.com/v1/tracks/7ry34dFOuoK2c5GoYWWsl3,https://api.spotify.com/v1/audio-analysis/7ry34dFOuoK2c5GoYWWsl3,163997.0,4.0
Nostalgia,Rod Wave & Wet,0.971,0.671,10.0,-5.26,0.0,0.154,0.416,0.0,0.128,0.754,119.965,audio_features,1kwPxt35W7cG3rryxR48PO,spotify:track:1kwPxt35W7cG3rryxR48PO,https://api.spotify.com/v1/tracks/1kwPxt35W7cG3rryxR48PO,https://api.spotify.com/v1/audio-analysis/1kwPxt35W7cG3rryxR48PO,192000.0,4.0
Johnny Dang,"That Mexican OT, Paul Wall & DRODi",0.736,0.645,1.0,-5.195,1.0,0.0807,0.0724,0.00086,0.136,0.201,132.024,audio_features,4367dXCt02KMgELPisJ2D4,spotify:track:4367dXCt02KMgELPisJ2D4,https://api.spotify.com/v1/tracks/4367dXCt02KMgELPisJ2D4,https://api.spotify.com/v1/audio-analysis/4367dXCt02KMgELPisJ2D4,188870.0,3.0
HVN On Earth,Lil Tecca & Kodak Black,0.77,0.622,11.0,-10.621,1.0,0.026,0.328,0.00603,0.149,0.792,115.952,audio_features,3HOKxuTDmNVmIlCIpBiD8m,spotify:track:3HOKxuTDmNVmIlCIpBiD8m,https://api.spotify.com/v1/tracks/3HOKxuTDmNVmIlCIpBiD8m,https://api.spotify.com/v1/audio-analysis/3HOKxuTDmNVmIlCIpBiD8m,231247.0,3.0
Bipolar,Peso Pluma x Jasiel Nunez x Junior H,0.534,0.409,7.0,-9.559,1.0,0.0378,0.844,0.000656,0.115,0.243,127.357,audio_features,1olWQ1LOUYs4VBwx5N8Lz9,spotify:track:1olWQ1LOUYs4VBwx5N8Lz9,https://api.spotify.com/v1/tracks/1olWQ1LOUYs4VBwx5N8Lz9,https://api.spotify.com/v1/audio-analysis/1olWQ1LOUYs4VBwx5N8Lz9,225827.0,4.0
In Your Love,Tyler Childers,0.63,0.438,5.0,-11.138,0.0,0.142,0.0599,0.0,0.108,0.188,160.981,audio_features,4RMm3bonEDyYj5aJGkaJqX,spotify:track:4RMm3bonEDyYj5aJGkaJqX,https://api.spotify.com/v1/tracks/4RMm3bonEDyYj5aJGkaJqX,https://api.spotify.com/v1/audio-analysis/4RMm3bonEDyYj5aJGkaJqX,130508.0,4.0
Crazy,Rod Wave,0.821,0.341,8.0,-5.915,1.0,0.281,8.73e-05,0.00746,0.18,0.344,139.885,audio_features,1xemKSmCnH59ze3KX5wwgH,spotify:track:1xemKSmCnH59ze3KX5wwgH,https://api.spotify.com/v1/tracks/1xemKSmCnH59ze3KX5wwgH,https://api.spotify.com/v1/audio-analysis/1xemKSmCnH59ze3KX5wwgH,196653.0,4.0
Demons,Doja Cat,0.537,0.413,7.0,-7.736,1.0,0.0319,0.346,0.0,0.12,0.226,133.21,audio_features,5CscrLqFBgPfZR8fGtikov,spotify:track:5CscrLqFBgPfZR8fGtikov,https://api.spotify.com/v1/tracks/5CscrLqFBgPfZR8fGtikov,https://api.spotify.com/v1/audio-analysis/5CscrLqFBgPfZR8fGtikov,198867.0,4.0
Making The Bed,Olivia Rodrigo,0.527,0.252,7.0,-8.024,1.0,0.0362,0.839,0.0,0.1,0.157,82.069,audio_features,3dKYak9dKL8YeHx5jMokoP,spotify:track:3dKYak9dKL8YeHx5jMokoP,https://api.spotify.com/v1/tracks/3dKYak9dKL8YeHx5jMokoP,https://api.spotify.com/v1/audio-analysis/3dKYak9dKL8YeHx5jMokoP,231907.0,4.0
Logical,Olivia Rodrigo,0.408,0.607,10.0,-7.463,1.0,0.0391,0.236,8.02e-05,0.0972,0.169,144.136,audio_features,00syWkRGIVQvYsg2OwfBUw,spotify:track:00syWkRGIVQvYsg2OwfBUw,https://api.spotify.com/v1/tracks/00syWkRGIVQvYsg2OwfBUw,https://api.spotify.com/v1/audio-analysis/00syWkRGIVQvYsg2OwfBUw,209320.0,4.0
East Side Of Sorrow,Zach Bryan,0.475,0.789,1.0,-6.124,1.0,0.038,0.17,0.0,0.147,0.485,155.227,audio_features,6BOP0cv1eeXcvi1oE8bDVZ,spotify:track:6BOP0cv1eeXcvi1oE8bDVZ,https://api.spotify.com/v1/tracks/6BOP0cv1eeXcvi1oE8bDVZ,https://api.spotify.com/v1/audio-analysis/6BOP0cv1eeXcvi1oE8bDVZ,226091.0,4.0
Standing Room Only,Tim McGraw,0.731,0.622,5.0,-8.237,1.0,0.0979,0.176,0.0,0.153,0.445,82.494,audio_features,6VdBDm20nkyk6A29P785aJ,spotify:track:6VdBDm20nkyk6A29P785aJ,https://api.spotify.com/v1/tracks/6VdBDm20nkyk6A29P785aJ,https://api.spotify.com/v1/audio-analysis/6VdBDm20nkyk6A29P785aJ,198034.0,4.0
Checkmate,Rod Wave,0.663,0.502,5.0,-7.07,1.0,0.0285,0.791,0.0,0.105,0.371,143.969,audio_features,3jfywRZH6cB2iLyKqo4EZd,spotify:track:3jfywRZH6cB2iLyKqo4EZd,https://api.spotify.com/v1/tracks/3jfywRZH6cB2iLyKqo4EZd,https://api.spotify.com/v1/audio-analysis/3jfywRZH6cB2iLyKqo4EZd,183087.0,4.0
Can't Have Mine,Dylan Scott,0.481,0.539,4.0,-7.865,0.0,0.108,0.551,0.00539,0.12,0.621,153.277,audio_features,1o8Z7GD1CeOaVBEyuzu4HO,spotify:track:1o8Z7GD1CeOaVBEyuzu4HO,https://api.spotify.com/v1/tracks/1o8Z7GD1CeOaVBEyuzu4HO,https://api.spotify.com/v1/audio-analysis/1o8Z7GD1CeOaVBEyuzu4HO,186678.0,4.0
On My Mama,Victoria Monet,0.534,0.82,9.0,-3.44,1.0,0.0886,0.00376,0.0,0.136,0.664,160.064,audio_features,1haoEnXbsUS3OFIWaUJ3wb,spotify:track:1haoEnXbsUS3OFIWaUJ3wb,https://api.spotify.com/v1/tracks/1haoEnXbsUS3OFIWaUJ3wb,https://api.spotify.com/v1/audio-analysis/1haoEnXbsUS3OFIWaUJ3wb,154517.0,4.0
Love Is Embarrassing,Olivia Rodrigo,,,,,,,,,,,,,,,,,,
